,favorite_count,tweet_id,retweet_count
0,35002,892420643555336193,7349
1,30312,892177421306343426,5480
2,22797,891815181378084864,3624
3,38267,891689557279858688,7535
4,36546,891327558926688256,8119
5,18434,891087950875897856,2715
6,10724,890971913173991426,1758
7,58951,890729181411237888,16476
8,25365,890609185150312448,3769
9,28949,890240255349198849,6381
10,27914,890006608113172480,6408
11,25372,889880896479866881,4346
12,43582,889665388333682689,8736
13,24503,889638837579907072,3898
14,13808,889531135344209921,1968
15,22865,889278841981685760,4642
16,26479,888917238123831296,3910
17,23245,888804989199671297,3704
18,17921,888554962724278272,3012
19,19814,888078434458587136,3034
20,27556,887705289381826560,4716
21,42143,887517139158093824,10271
22,62350,887473957103951883,15688
23,30582,887343217045368832,9205
24,27882,887101392804085760,5208
25,31569,886983233522544640,6666
26,10859,886736880519319552,2767
27,20447,886680336477933568,3907
28,19192,886366144734445568,2762
29,107,886267009285017600,3
30,25439,886258384151887873,5521
31,0,886054160059072513,96
32,29595,885984800019947520,5859
33,32680,885528943205470208,5579
34,18621,885518971528720385,3262
35,0,885311592912609280,16139
36,19893,885167619883638784,3820
37,69869,884925521741709313,15762
38,25279,884876753390489601,4878
39,22087,884562892145688576,4099
40,24663,884441805382717440,4975
41,65800,884247878851493888,17733
42,18549,884162670584377345,2615
43,19862,883838122936631299,2983
44,41648,883482846933004288,8626
45,20616,883360690899218434,3214
46,33698,883117836046086144,5792
47,21718,882992080364220416,3388
48,25668,882762694511734784,4265
49,25489,882627270321602560,5290
50,40672,882268110199369728,10101
51,26641,882045870035918850,4247
52,22159,881906580714921986,2974
53,46085,881666595344535552,9330
54,114,881633300179243008,8
55,44977,881536004380872706,13994
56,21184,881268444196462592,4644
57,15556,880935762899988482,2441
58,19378,880872448815771648,3337
59,25860,880465832366813184,5433
60,24499,880221127280381952,3629
61,25131,880095782870896641,3802
62,20374,879862464715927552,3045
63,288,879674319642796034,10
64,21392,879492040517615616,2770
65,96116,879415818425184262,39046
66,15352,879376492567855104,2742
67,0,879130579576475649,5976
68,20523,879050749262655488,4127
69,17305,879008229531029506,2343
70,17674,878776093423087618,3599
71,27371,878604707211726852,6188
72,0,878404777348136964,1117
73,0,878316110768087041,5796
74,7026,878281511006478336,1117
75,38351,878057613040115712,5976
76,71961,877736472329191424,16585
77,0,877611172832227328,71
78,20670,877556246731214848,3322
79,25009,877316821321428993,4568
80,24672,877201837425926144,4867
81,18870,876838120628539392,2926
82,21697,876537666061221889,4130
83,17130,876484053909872640,2081
84,25556,876120275196170240,4085
85,22923,875747767867523072,3755
86,20012,875144289856114688,4304
87,25062,875097192612077568,5351
88,23318,875021211251597312,4150
89,25416,874680097055178752,4080
90,0,874434818259525634,12770
91,23817,874296783580663808,3636
92,20783,874057562936811520,3511
93,31206,874012996292530176,8992
94,22166,873580283840344065,3469
95,0,873337748698140672,1394
96,6549,873213775632977920,1394
97,24918,872967104147763200,4764
98,13501,872820683541237760,3287
99,18991,872620804844003328,3218
100,37319,872486979161796608,8042
101,31347,872122724285648897,7167
102,34340,871879754684805121,9662
103,18515,871762521631449091,3080
104,18501,871515927908634625,3069
105,0,871166179821445120,5067
106,19185,871102520638267392,4882
107,20863,871032628920680449,3374
108,30847,870804317367881728,5478
109,112,870726314365509632,3
110,11269,870656317836468226,2307
111,76442,870374049280663552,23689
112,20133,870308999962521604,3683
113,33520,870063196459192321,7381
114,39203,869772420881756160,9048
115,25905,869702957897576449,5597
116,14695,869596645499047938,2765
117,18777,869227993411051520,3348
118,60046,868880397819494401,12820
119,0,868639477480148993,1832
120,24471,868622495443632128,4709
121,9278,868552278524837888,1832
122,22328,867900495410671616,3740
123,31317,867774946302451713,6547
124,14806,867421006826221569,2226
125,0,867072653475098625,106
126,29693,867051520902168576,7062
127,18438,866720684873056260,4307
128,17764,866686824827068416,3097
129,112717,866450705531457537,31597
130,48264,866334964761202691,12770
131,0,866094527597207552,7508
132,23759,865718153858494464,5056
133,24446,865359393868664832,4496
134,25911,865006731092295680,6955
135,29811,864873206498414592,7815
136,13510,864279568663928832,2708
137,27690,864197398364647424,7937
138,19105,863907417377173506,3736
139,14125,863553081350529029,3784
140,0,863471782782697472,2174
141,22039,863432100342583297,4736
142,2029,863427515083354112,84
143,8148,863079547188785154,1005
144,7804,863062471531167744,2174
145,17788,862831371563274240,4638
146,15876,862722525377298433,3215
147,18931,862457590147678208,4447
148,68716,862096992088072192,20912
149,33503,861383897657036800,9704
150,15938,861288531465048066,3745
151,15517,861005113778896900,3466
152,0,860981674716409858,1936
153,0,860924035999428608,710
154,6962,860563773140209665,1936
155,22012,860524505164394496,4802
156,17138,860276583193509888,3201
157,15496,860184849394610176,5328
158,0,860177593139703809,28055
159,18280,859924526012018688,3728
160,14420,859851578198683649,3210
161,17404,859607811541651456,1409
162,83632,859196978902773760,27450
163,31514,859074603037188101,12470
164,0,858860390427611136,7405
165,14596,858843525470990336,3171
166,20176,858471635011153920,4453
167,14732,858107933456039936,2644
168,15031,857989990357356544,2365
169,31987,857746408056729600,9747
170,5517,857393404942143489,1498
171,18841,857263160327368704,4145
172,210,857214891891077121,16
173,0,857062103051644929,154
174,17661,857029823797047296,3656
175,15372,856543823941562368,2656
176,11165,856526610513747968,1735
177,0,856330835276025856,615
178,488,856288084350160898,15
179,26079,856282028240666624,5801
180,314,855862651834028034,22
181,4603,855860136149123072,895
182,11201,855857698524602368,1946
183,43246,855851453814013952,16746
184,25127,855818117272018944,5021
185,28060,855459453768019968,7605
186,0,855245323840757760,5509
187,0,855138241867124737,39
188,21458,854732716440526848,5619
189,27554,854482394044301312,6315
190,17839,854365224396361728,4350
191,30247,854120357044912130,6936
192,15371,854010172552949760,2923
193,27047,853760880890318849,5361
194,32768,853639147608842240,9305
195,14676,853299958564483072,3307
196,0,852936405516943360,1853
197,8536,852912242202992640,1679
198,14162,852672615818899456,2016
199,15442,852553447878664193,3252
200,31451,852311364735569921,9279
201,18966,852226086759018497,6377
202,10921,852189679701164033,1481
203,0,851861385021730816,19
204,15495,851591660324737024,3255
205,23082,851464819735769094,6608
206,19693,851224888060895234,5395
207,29257,850753642995093505,8488
208,12504,850380195714523136,2437
209,3297,850333567704068097,308
210,15562,850145622816686080,3550
211,19473,850019790995546112,4571
212,28995,849776966551130114,7132
213,0,849668094696017920,4664
214,15177,849412302885593088,2960
215,10912,849336543269576704,1773
216,40460,849051919805034497,7963
217,24115,848690551926992896,4082
218,23659,848324959059550208,4355
219,7820,848213670039564288,675
220,15617,848212111729840128,2841
221,0,847978865427394560,3069
222,0,847971574464610304,416
223,22526,847962785489326080,4798
224,5190,847842811428974592,1242
225,6696,847617282490613760,389
226,17997,847606175596138505,3238
227,19661,847251039262605312,4091
228,19021,847157206088847362,5508
229,20600,847116187444137987,3011
230,19271,846874817362120707,3711
231,42730,846514051647705089,10902
232,13560,846505985330044928,2900
233,30268,846153765933735936,8538
234,29803,846139713627017216,9564
235,15345,846042936437604353,2704
236,28039,845812042753855489,8229
237,24234,845677943972139009,4566
238,7325,845397057150107648,1685
239,22429,845306882940190720,5086
240,0,845098359547420673,7247
241,13127,844979544864018432,2415
242,14449,844973813909606400,2995
243,15829,844580511645339650,2945
244,13158,844223788422217728,2072
245,14637,843981021012017153,2806
246,20691,843856843873095681,4373
247,16269,843604394117681152,2593
248,20723,843235543001513987,5688
249,14749,842846295480000512,3453
250,6493,842765311967449089,1205
251,17486,842535590457499648,3338
252,23569,842163532590374912,5509
253,13492,842115215311396866,2877
254,0,841833993020538882,14254
255,24898,841680585030541313,7467
256,12170,841439858740625411,3486
257,19124,841320156043304961,5256
258,15288,841314665196081154,4413
259,22084,841077006473256960,5067
260,0,840761248237133825,1674
261,0,840728873075638272,15274
262,171,840698636975636481,2
263,11871,840696689258311684,923
264,8699,840632337062862849,1674
265,15895,840370681858686976,4344
266,18602,840268004936019968,5461
267,12977,839990271299457024,2166
268,26517,839549326359670784,7405
269,0,839290600511926273,137
270,26215,839239871831150596,6221
271,19028,838952994649550848,3825
272,10784,838921590096166913,1949
273,0,838916489579200512,32
274,0,838831947270979586,10525
275,10620,838561493054533637,1269
276,21755,838476387338051585,4538
277,0,838201503651401729,9603
278,1612,838150277551247360,318
279,136,838085839343206401,1
280,17090,838083903487373313,2976
281,33012,837820167694528512,7508
282,3744,837482249356513284,424
283,12410,837471256429613056,2161
284,15573,837110210464448512,2262
285,12376,836989968035819520,2201
286,18798,836753516572119041,4444
287,12268,836677758902222849,2129
288,0,836648853927522308,530
289,0,836397794269200385,26350
290,14358,836380477523124226,2867
291,20695,836260088725786625,4138
292,18498,836001077879255040,4090
293,0,835685285446955009,7803
294,17286,835574547218894849,3460
295,0,835536468978302976,1617
296,0,835309094223372289,20082
297,16008,835297930240217089,2861
298,7499,835264098648616962,1617
299,2046,835246439529840640,68
300,25436,835172783151792128,5527
301,21732,835152434251116546,2876
302,10478,834931633769889797,1557
303,20858,834786237630337024,5311
304,13267,834574053763584002,2415
305,0,834477809192075265,10222
306,9353,834458053273591808,1606
307,19981,834209720923721728,4552
308,15400,834167344700198914,3529
309,9762,834089966724603904,2053
310,12704,834086379323871233,2120
311,13078,833863086058651648,2311
312,17637,833826103416520705,3614
313,0,833732339549220864,212
314,20325,833722901757046785,3115
315,14477,833479644947025920,1962
316,19679,833124694597443584,4664
317,12899,832998151111966721,2117
318,0,832769181346996225,38
319,16410,832757312314028032,3481
320,11554,832682457690300417,2807
321,2853,832645525019123713,513
322,15458,832636094638288896,2680
323,11663,832397543355072512,2125
324,16713,832369877331693569,3069
325,11051,832273440279240704,2245
326,0,832215909146226688,5993
327,0,832215726631055365,8982
328,61,832088576586297345,2
329,0,832040443403784192,9231
330,17391,832032802820481025,4496
331,23336,831939777352105988,5912
332,325,831926988323639298,34
333,26840,831911600680497154,6261
334,10159,831670449226514432,1745
335,6933,831650051525054464,1853
336,8746,831552930092285952,2250
337,9048,831322785565769729,1497
338,6366,831315979191906304,1078
339,11471,831309418084069378,2381
340,11594,831262627380748289,1974
341,7780,830956169170665475,1437
342,64990,830583320585068544,16139
343,0,830173239259324417,5466
344,9521,830097400375152640,2824
345,0,829878982036299777,4818
346,11951,829861396166877184,1868
347,30936,829501995190984704,10222
348,10203,829449946868879360,1937
349,23756,829141528400556032,7087
350,52023,829011960981237760,15820
351,0,828801551087042563,3306
352,24949,828770345708580865,5652
353,35603,828708714936930305,10813
354,9288,828650029636317184,1292
355,6209,828409743546925057,1119
356,7511,828408677031882754,1242
357,12294,828381636999917570,2152
358,7218,828376505180889089,1035
359,12285,828372645993398273,2830
360,2131,828361771580813312,172
361,11458,828046555563323392,2761
362,10113,828011680017821696,2089
363,19574,827933404142436356,5070
364,15139,827653905312006145,2920
365,7296,827600520311402496,906
366,15468,827324948884643840,2930
367,10327,827199976799354881,2152
368,21039,826958653328592898,4818
369,35338,826848821049180160,9803
370,0,826615380357632002,3856
371,5016,826598799820865537,241
372,9774,826598365270007810,2274
373,17976,826476773533745153,4056
374,12968,826240494070030336,2528
375,4763,826204788643753985,887
376,15286,826115272272650244,3003
377,10246,825876512159186944,1800
378,12461,825829644528148480,2425
379,55741,825535076884762624,17054
380,17873,825147591692263424,4391
381,0,825120256414846976,1210
382,6129,825026590719483904,1210
383,0,824796380199809024,5343
384,14597,824775126675836928,3393
385,10292,824663926340194305,1711
386,11560,824325613288833024,10282
387,14722,824297048279236611,3732
388,4727,824025158776213504,581
389,10412,823939628516474880,2635
390,0,823719002937630720,10821
391,13670,823699002998870016,2441
392,12736,823581115634085888,2542
393,689,823333489516937216,22
394,15399,823322678127919110,3885
395,0,823269594223824897,9605
396,16959,822975315408461824,3342
397,128678,822872901745569793,41853
398,12954,822859134160621569,2202
399,0,822647212903690241,6205
400,14496,822610361945911296,2849
401,17749,822489057087389700,6205
402,27308,822462944365645825,13816
403,34258,822244816520155136,9605
404,0,822163064745328640,4600
405,11081,821886076407029760,2238
406,0,821813639212650496,3276
407,8221,821765923262631936,1615
408,7867,821522889702862852,1704
409,0,821421320206483457,5398
410,11498,821407182352777218,4187
411,248,821153421864615936,10
412,8438,821149554670182400,1898
413,9398,821107785811234820,2068
414,12409,821044531881721856,2211
415,0,820837357901512704,6517
416,30918,820749716845686786,9603
417,11989,820690176645140481,3139
418,0,820494788566847489,548
419,0,820446719150292993,2490
420,3285,820314633777061888,548
421,19398,820078625395449857,6112
422,0,820013781606658049,1138
423,5217,819952236453363712,1138
424,12674,819924195358416896,4746
425,13117,819711362133872643,3027
426,9471,819588359383371776,1943
427,7089,819347104292290561,1173
428,2212,819238181065359361,398
429,22601,819227688460238848,6517
430,0,819015337530290176,36056
431,0,819015331746349057,18556
432,44525,819006400881917954,18556
433,85456,819004803107983360,36056
434,0,818646164899774465,20361
435,21991,818627210458333184,7354
436,9646,818614493328580609,2463
437,0,818588835076603904,5956
438,10648,818536468981415936,2384
439,0,818307523543449600,7839
440,10797,818259473185828864,2193
441,12044,818145370475810820,2482
442,4764,817908911860748288,775
443,50543,817827839487737858,26350
444,10551,817777686764523521,2610
445,11549,817536400337801217,2870
446,0,817502432452313088,3299
447,33120,817423860136083457,14254
448,5494,817415592588222464,924
449,0,817181837579653120,8218
450,8605,817171292965273600,1972
451,11980,817120970343411712,2525
452,8438,817056546584727552,1597
453,0,816829038950027264,4593
454,9815,816816676327063552,1977
455,9599,816697700272001025,2136
456,29809,816450570814898180,7839
457,8446,816336735214911488,1896
458,8774,816091915477250048,2080
459,0,816062466425819140,987
460,0,816014286006976512,5120
461,4851,815990720817401858,987
462,21968,815966073409433600,8218
463,0,815745968457060357,4028
464,9673,815736392542261248,2212
465,8078,815639385530101762,1607
466,10158,815390420867969024,3718
467,7527,814986499976527872,1244
468,11085,814638523311648768,2637
469,0,814578408554463233,5691
470,8489,814530161257443328,1822
471,28238,814153002265309185,8459
472,0,813944609378369540,3112
473,9165,813910438903693312,1815
474,35859,813812741911748608,13640
475,8190,813800681631023104,1712
476,18320,813217897535406080,7133
477,9088,813202720496779264,1776
478,19526,813187593374461952,4240
479,9120,813172488309972993,1889
480,7636,813157409116065792,2149
481,8358,813142292504645637,2336
482,4421,813130366689148928,434
483,11606,813127251579564032,3040
484,10127,813112105746448384,2670
485,10403,813096984823349248,3541
486,9749,813081950185472002,2725
487,7800,813066809284972545,1905
488,20601,813051746834595840,7188
489,7420,812781120811126785,1860
490,6509,812709060537683968,1409
491,5960,812503143955202048,1191
492,7841,812466873996607488,1883
493,13433,812372279581671427,3583
494,7147,811985624773361665,1370
495,7415,811744202451197953,1552
496,5522,811647686436880384,721
497,12532,811627233043480576,2994
498,20588,811386762094317568,6242
499,5228,810984652412424192,1393
500,8860,810896069567610880,1722
501,10792,810657578271330305,2571
502,34627,810284430598270976,10986
503,14482,810254108431155201,3306
504,15321,809920764300447744,3856
505,0,809808892968534016,4795
506,6844,809448704142938112,1430
507,19597,809220051211603969,5466
508,13020,809084759137812480,3454
509,9974,808838249661788160,2978
510,7778,808733504066486276,2114
511,11128,808501579447930884,2552
512,41803,808344865868283904,20361
513,0,808134635716833280,5783
514,8675,808106460588765185,2159
515,12326,808001312164028416,3464
516,14376,807621403335917568,3537
517,116194,807106840509214720,54119
518,0,807059379405148160,7172
519,12924,807010152071229440,3787
520,73397,806629075125202948,33871
521,0,806620845233815552,5413
522,4818,806576416489959424,1918
523,10064,806542213899489280,2309
524,0,806242860592926720,11378
525,6364,806219024703037440,1172
526,0,805958939288408065,5254
527,8175,805932879469572096,1885
528,6472,805826884734976000,1781
529,0,805823200554876929,7832
530,5669,805520635690676224,1623
531,8679,805487436403003392,2477
532,7725,805207613751304193,1687
533,13483,804738756058218496,3744
534,6052,804475857670639616,1972
535,0,804413760345620481,3165
536,43749,804026241225523202,15777
537,9912,803773340896923648,2687
538,0,803692223237865472,7294
539,10790,803638050916102144,4066
540,7648,803380650405482500,1842
541,0,803321560782307329,5197
542,9892,803276597545603072,2406
543,8900,802952499103731712,1956
544,0,802624713319034886,2848
545,7008,802600418706604034,1425
546,8825,802572683846291456,2463
547,15943,802323869084381190,5725
548,6837,802265048156610565,1347
549,8961,802239329049477120,2573
550,0,802185808107208704,269
551,7652,801958328846974976,1681
552,1770,801854953262350336,234
553,8117,801538201127157760,2030
554,5951,801285448605831168,804
555,24079,801167903437357056,5783
556,0,801127390143516673,3878
557,7963,801115127852503040,2065
558,677,800859414831898624,96
559,0,800855607700029440,1575
560,10438,800751577355128832,2744
561,12963,800513324630806528,2942
562,9374,800459316964663297,2135
563,0,800443802682937345,4220
564,11008,800388270626521089,2757
565,0,800188575492947969,3853
566,15055,800141422401830912,2490
567,27927,800018252395122689,12869
568,0,799774291445383169,4574
569,8275,799757965289017345,2114
570,7949,799422933579902976,1889
571,0,799308762079035393,5352
572,9730,799297110730567681,2693
573,7981,799063482566066176,2430
574,12896,798933969379225600,4369
575,7415,798925684722855936,1415
576,0,798705661114773508,6512
577,0,798701998996647937,7611
578,0,798697898615730177,6398
579,0,798694562394996736,4859
580,0,798686750113755136,2281
581,0,798682547630837760,4657
582,0,798673117451325440,5462
583,0,798665375516884993,3841
584,0,798644042770751489,1811
585,0,798628517273620480,1940
586,0,798585098161549313,5557
587,0,798576900688019456,5729
588,0,798340744599797760,3264
589,10270,798209839306514432,2502
590,11421,797971864723324932,3043
591,14355,797545162159308800,4790
592,19649,797236660651966464,6430
593,223,797165961484890113,26
594,0,796904159865868288,8745
595,7572,796865951799083009,1886
596,11624,796759840936919040,2974
597,0,796563435802726400,7080
598,7460,796484825502875648,1721
599,10847,796387464403357696,4064
600,0,796177847564038144,13993
601,31787,796149749086875649,13993
602,4900,796125600683540480,1760
603,8957,796116448414461957,2353
604,8342,796080075804475393,2257
605,10644,796031486298386433,3650
606,48766,795464331001561088,23078
607,9878,795400264262053889,2799
608,15965,795076730285391872,5343
609,0,794983741416415232,3303
610,10077,794926597468000259,2270
611,0,794355576146903043,10077
612,9468,794332329137291264,2629
613,9108,794205286408003585,3257
614,16588,793962221541933056,4795
615,9094,793845145112371200,1818
616,0,793614319594401792,3072
617,7878,793601777308463104,1583
618,10517,793500921481273345,2332
619,24232,793286476301799424,8982
620,8573,793271401113350145,2349
621,19693,793256262322548741,8189
622,10356,793241302385262592,3232
623,9667,793226087023144960,2826
624,8800,793210959003287553,2746
625,15047,793195938047070209,5511
626,6837,793180763617361921,1961
627,9255,793165685325201412,2728
628,6098,793150605191548928,1667
629,6305,793135492858580992,2454
630,12474,793120401413079041,3833
631,14098,792913359805018113,3893
632,11130,792883833364439040,4175
633,7254,792773781206999040,1643
634,13211,792394556390137856,4223
635,7033,792050063153438720,1752
636,0,791821351946420224,20673
637,0,791784077045166082,9356
638,0,791780927877898241,3745
639,44405,791774931465953280,21716
640,11580,791672322847637504,3072
641,12952,791406955684368384,4028
642,8628,791312159183634433,2481
643,0,791026214425268224,4012
644,9671,790987426131050500,2089
645,16422,790946055508652032,4593
646,0,790723298204217344,2258
647,8080,790698755171364864,1883
648,20342,790581949425475584,6961
649,7717,790337589677002753,1851
650,12369,790277117346975746,3112
651,0,790227638568808452,3483
652,9117,789986466051088384,2258
653,0,789960241177853952,4015
654,10186,789903600034189313,4054
655,7368,789628658055020548,1729
656,6642,789599242079838210,1881
657,11540,789530877013393408,3303
658,8507,789314372632018944,2247
659,0,789280767834746880,4817
660,8974,789268448748703744,2558
661,9554,789137962068021249,2725
662,27013,788908386943430656,12225
663,26898,788765914992902144,10077
664,0,788552643979468800,6995
665,15296,788412144018661376,5153
666,7124,788178268662984705,2051
667,6020,788150585577050112,1252
668,0,788070120937619456,3361
669,6031,788039637453406209,1282
670,8488,787810552592695296,2984
671,10102,787717603741622272,2715
672,10721,787397959788929025,2789
673,7671,787322443945877504,1702
674,0,787111942498508800,6605
675,26207,786963064373534720,7803
676,0,786729988674449408,2380
677,17970,786709082849828864,5993
678,10414,786664955043049472,2479
679,9312,786595970293370880,3063
680,10711,786363235746385920,3397
681,7843,786286427768250368,2769
682,14994,786233965241827333,4600
683,1400,786051337297522688,153
684,0,786036967502913536,6826
685,11209,785927819176054784,3119
686,6598,785872687017132033,1760
687,7738,785639753186217984,2191
688,8940,785533386513321988,1946
689,6017,785515384317313025,1228
690,7149,785264754247995392,1590
691,11832,785170936622350336,4716
692,9930,784826020293709826,3165
693,8828,784517518371221505,2468
694,5634,784431430411685888,1241
695,19688,784183165795655680,7832
696,29212,784057939640352768,10821
697,29445,783839966405230592,10525
698,7244,783821107061198850,1914
699,10277,783695101801398276,3136
700,8293,783466772167098368,2177
701,16588,783391753726550016,5329
702,0,783347506784731136,5398
703,28577,783334639985389568,11378
704,8022,783085703974514689,2139
705,23705,782969140009107456,7172
706,7338,782747134529531904,1379
707,16948,782722598790725632,5254
708,7668,782598640137187329,1831
709,16338,782305867769217024,5398
710,0,782021823840026624,6040
711,10944,781955203444699136,3284
712,10252,781661882474196992,2648
713,3923,781655249211752448,1105
714,20366,781524693396357120,5413
715,7009,781308096455073793,2491
716,8250,781251288990355457,2022
717,9620,781163403222056960,2688
718,21208,780931614150983680,7080
719,7066,780858289093574656,1959
720,5377,780800785462489090,1261
721,11867,780601303617732608,3276
722,6172,780543529827336192,1701
723,0,780496263422808064,3571
724,0,780476555013349377,109
725,5190,780459368902959104,1045
726,8531,780192070812196864,2183
727,0,780092040432480260,2235
728,11885,780074436359819264,4813
729,18491,779834332596887552,6826
730,8590,779377524342161408,3019
731,0,779124354206535695,17775
732,14444,779056095788752897,4392
733,19526,778990705243029504,6981
734,0,778774459159379968,9599
735,846,778764940568104960,353
736,6731,778748913645780993,1268
737,5628,778650543019483137,1456
738,4513,778624900596654080,983
739,13338,778408200802557953,4186
740,0,778396591732486144,11861
741,5697,778383385161035776,1066
742,10148,778286810187399168,3205
743,8309,778039087836069888,2567
744,6412,778027034220126208,1560
745,0,777953400541634568,3420
746,6224,777885040357281792,1582
747,10987,777684233540206592,2848
748,0,777641927919427584,4103
749,8537,777621514455814149,2441
750,13925,777189768882946048,4190
751,0,776819012571455488,13292
752,4777,776813020089548800,1171
753,8607,776477788987613185,2684
754,0,776249906839351296,8842
755,29184,776218204058357768,15364
756,9360,776201521193218049,2447
757,11499,776113305656188928,4220
758,1792,776088319444877312,147
759,0,775898661951791106,16271
760,11433,775842724423557120,2579
761,13575,775733305207554048,3878
762,12707,775729183532220416,4473
763,7216,775364825476165632,2865
764,9916,775350846108426240,3797
765,15187,775085132600442880,4574
766,8416,774757898236878852,1733
767,6583,774639387460112384,1679
768,21276,774314403806253056,5352
769,10490,773985732834758656,3743
770,6252,773922284943896577,1697
771,6447,773704687002451968,1569
772,5223,773670353721753600,1275
773,21595,773547596996571136,5956
774,0,773336787167145985,4889
775,22761,773308824254029826,7247
776,9243,773247561583001600,3160
777,9770,773191612633579521,4009
778,8346,772877495989305348,3753
779,7843,772826264096874500,2288
780,0,772615324260794368,3281
781,6333,772581559778025472,1655
782,5869,772193107915964416,1340
783,3720,772152991789019136,1102
784,3675,772117678702071809,716
785,2669,772114945936949249,457
786,3913,772102971039580160,906
787,6401,771908950375665664,1824
788,11703,771770456517009408,3264
789,8073,771500966810099713,2532
790,10248,771380798096281600,4889
791,0,771171053431250945,7206
792,8932,771136648247640064,2836
793,6076,771102124360998913,1393
794,6727,771014301343748096,1604
795,4813,770787852854652928,1166
796,5059,770772759874076672,1376
797,7177,770655142660169732,1729
798,6176,770414278348247044,2029
799,6065,770293558247038976,1420
800,0,770093767776997377,2947
801,7403,770069151037685760,2224
802,30477,769940425801170949,9231
803,6265,769695466921623552,1633
804,0,769335591808995329,7491
805,5257,769212283578875904,1660
806,13938,768970937022709760,6283
807,0,768909767477751808,2590
808,4080,768855141948723200,860
809,4003,768609597686943744,1158
810,4911,768596291618299904,1239
811,0,768554158521745409,5647
812,13269,768473857036525572,3301
813,10603,768193404517830656,3420
814,4636,767884188863397888,1329
815,15589,767754930266464257,5197
816,7314,767500508068192258,2268
817,11977,767191397493538821,3634
818,9918,767122157629476866,2764
819,0,766864461642756096,5427
820,4913,766793450729734144,1318
821,2537,766714921925144576,362
822,3911,766693177336135680,772
823,5854,766423258543644672,1528
824,6615,766313316352462849,1819
825,0,766078092750233600,2538
826,4115,766069199026450432,820
827,3658,766008592277377025,482
828,7056,765719909049503744,2094
829,5053,765669560888528897,1195
830,26028,765395769549590528,3280
831,6885,765371061932261376,2098
832,11347,765222098633691136,3281
833,6294,764857477905154048,1722
834,5854,764259802650378240,1454
835,747,763956972077010945,52
836,12222,763837565564780549,4012
837,5229,763183847194451968,1424
838,0,763167063695355904,2908
839,7181,763103485927849985,2233
840,11792,762699858130116608,3483
841,10930,762471784394268675,6190
842,10022,762464539388485633,4015
843,4666,762316489655476224,1080
844,30952,762035686371364864,14976
845,5260,761976711479193600,1929
846,0,761750502866649088,3770
847,4163,761745352076779520,833
848,48035,761672994376806400,28054
849,4012,761599872357261312,1153
850,0,761371037149827077,17446
851,5045,761334018830917632,1407
852,4367,761292947749015552,1052
853,5194,761227390836215808,1515
854,11042,761004547850530816,3361
855,3713,760893934457552897,934
856,6406,760656994973933572,1842
857,4843,760641137271070720,1249
858,7363,760539183865880579,3498
859,4093,760521673607086080,1347
860,26044,760290219849637889,11074
861,3839,760252756032651264,842
862,5541,760190180481531904,1735
863,0,760153949710192640,30
864,5774,759943073749200896,2007
865,14263,759923798737051648,5427
866,6549,759846353224826880,1900
867,5787,759793422261743616,1843
868,4553,759557299618865152,1151
869,8258,759447681597108224,2380
870,1624,759446261539934208,469
871,5911,759197388317847553,1881
872,0,759159934323924993,1116
873,14102,759099523532779520,4003
874,6288,759047813560868866,1931
875,3449,758854675097526272,873
876,10894,758828659922702336,3714
877,5579,758740312047005698,1566
878,3687,758474966123810816,959
879,4659,758467244762497024,2135
880,5054,758405701903519748,1841
881,3282,758355060040593408,1022
882,18466,758099635764359168,9599
883,2624,758041019896193024,358
884,6673,757741869644341248,3151
885,0,757729163776290825,7618
886,4411,757725642876129280,1169
887,4440,757611664640446465,1057
888,0,757597904299253760,289
889,4216,757596066325864448,1019
890,14690,757400162377592832,6590
891,5644,757393109802180609,1671
892,4380,757354760399941633,1364
893,6097,756998049151549440,1913
894,6440,756939218950160384,1928
895,4899,756651752796094464,1247
896,10103,756526248105566208,3458
897,3825,756303284449767430,1069
898,42747,756288534030475264,17079
899,6198,756275833623502848,1475
900,7091,755955933503782912,2761
901,15948,755206590534418437,5147
902,20550,755110668769038337,10686
903,0,754874841593970688,7608
904,6684,754856583969079297,2415
905,2510,754747087846248448,499
906,5129,754482103782404096,1881
907,3634,754449512966619136,706
908,7650,754120377874386944,2266
909,5660,753655901052166144,2092
910,7629,753420520834629632,3418
911,5559,753398408988139520,1827
912,7403,753375668877008896,2235
913,0,753298634498793472,5467
914,3256,753294487569522689,1001
915,35937,753039830821511168,20082
916,3801,753026973505581056,920
917,12217,752932432744185856,6605
918,6729,752917284578922496,1512
919,0,752701944171524096,2757
920,5828,752682090207055872,1534
921,4240,752660715232722944,1499
922,5315,752568224206688256,2189
923,7144,752519690950500352,3316
924,3706,752334515931054080,1058
925,0,752309394570878976,15587
926,5773,752173152931807232,1759
927,2971,751950017322246144,876
928,5027,751937170840121344,1261
929,5639,751830394383790080,1874
930,5622,751793661361422336,2786
931,7701,751598357617971201,2934
932,4256,751583847268179968,1055
933,4885,751538714308972544,1206
934,3113,751456908746354688,964
935,12146,751251247299190784,5638
936,6122,751205363882532864,1743
937,4904,751132876104687617,1253
938,4623,750868782890057730,1311
939,12740,750719632563142656,4817
940,4306,750506206503038976,1103
941,12764,750429297815552001,4103
942,4408,750383411068534784,1097
943,674,750381685133418496,27
944,3008,750147208377409536,924
945,3499,750132105863102464,1238
946,4206,750117059602808832,1258
947,2945,750101899009982464,811
948,2105,750086836815486976,514
949,7568,750071704093859840,3186
950,3062,750056684286914561,865
951,3066,750041628174217216,585
952,2629,750026558547456000,757
953,3124,750011400160841729,867
954,2957,749996283729883136,786
955,4942,749981277374128128,2374
956,4522,749774190421639168,1272
957,5911,749417653287129088,1578
958,2527,749403093750648834,508
959,8282,749395845976588288,3294
960,5309,749317047558017024,2152
961,5565,749075273010798592,1985
962,4656,749064354620928000,1470
963,2997,749036806121881602,763
964,10427,748977405889503236,3265
965,5604,748932637671223296,2161
966,2689,748705597323898880,918
967,4594,748699167502000129,1523
968,4111,748692773788876800,1286
969,5862,748575535303884801,1910
970,2133,748568946752774144,647
971,5052,748346686624440324,1186
972,7353,748337862848962560,3937
973,3568,748324050481647620,724
974,3578,748307329658011649,685
975,13651,748220828303695873,7444
976,5581,747963614829678593,2052
977,6398,747933425676525569,2450
978,2831,747885874273214464,929
979,2725,747844099428986880,716
980,4683,747816857231626240,1115
981,1324,747651430853525504,147
982,12447,747648653817413632,5583
983,2256,747600769478692864,540
984,3554,747594051852075008,1002
985,5335,747512671126323200,1544
986,3746,747461612269887489,1003
987,5238,747439450712596480,1836
988,0,747242308580548608,2779
989,5081,747219827526344708,1499
990,3243,747204161125646336,870
991,9210,747103485104099331,3794
992,2802,746906459439529985,284
993,5791,746872823977771008,2045
994,5135,746818907684614144,1671
995,4702,746790600704425984,1530
996,9230,746757706116112384,3745
997,5845,746726898085036033,1720
998,4867,746542875601690625,1819
999,0,746521445350707200,941
1000,4496,746507379341139972,1041
1001,5991,746369468511756288,1563
1002,6647,746131877086527488,2099
1003,3457,746056683365994496,780
1004,3860,745789745784041472,1017
1005,6759,745712589599014916,2224
1006,6817,745433870967832576,2438
1007,8262,745422732645535745,2317
1008,6893,745314880350101504,2627
1009,7558,745074613265149952,3336
1010,6990,745057283344719872,2151
1011,2862,744995568523612160,588
1012,7600,744971049620602880,2566
1013,5402,744709971296780288,1496
1014,6523,744334592493166593,2010
1015,150452,744234799360020481,74237
1016,1598,744223424764059648,346
1017,4028,743980027717509120,1049
1018,3528,743895849529389061,926
1019,0,743835915802583040,1978
1020,4313,743609206067040256,1333
1021,17659,743595368194129920,6237
1022,3410,743545585370791937,903
1023,7645,743510151680958465,3565
1024,4089,743253157753532416,1172
1025,5977,743222593470234624,1831
1026,3704,743210557239623680,1309
1027,6802,742534281772302336,3420
1028,4259,742528092657332225,1872
1029,6996,742465774154047488,3753
1030,9467,742423170473463808,3571
1031,6554,742385895052087300,1874
1032,4144,742161199639494656,1303
1033,4917,742150209887731712,1475
1034,4384,741793263812808706,1438
1035,7860,741743634094141440,2617
1036,3558,741438259667034112,781
1037,8453,741303864243200000,3064
1038,9612,741099773336379392,5273
1039,9191,741067306818797568,2947
1040,6106,740995100998766593,2591
1041,3268,740711788199743490,900
1042,2745,740699697422163968,745
1043,17460,740676976021798912,6512
1044,33715,740373189193256964,12715
1045,2364,740365076218183684,409
1046,3164,740359016048689152,823
1047,6439,740214038584557568,1872
1048,19212,739979191639244800,5647
1049,3907,739932936087216128,1031
1050,3660,739844404073074688,819
1051,3625,739623569819336705,1298
1052,5202,739606147276148736,1580
1053,37921,739544079319588864,20205
1054,6865,739485634323156992,2784
1055,111280,739238157791694849,55321
1056,101,738891149612572673,6
1057,3633,738885046782832640,1094
1058,3173,738883359779196928,756
1059,4891,738537504001953792,1466
1060,3136,738402415918125056,785
1061,4152,738184450748633089,1159
1062,8414,738166403467907072,3183
1063,2408,738156290900254721,614
1064,5052,737826014890496000,1690
1065,9613,737800304142471168,3308
1066,4836,737678689543020544,1255
1067,9834,737445876994609152,4238
1068,3461,737322739594330112,773
1069,14068,737310737551491075,7067
1070,4071,736736130620620800,1635
1071,16993,736392552031657984,6995
1072,3823,736365877722001409,1181
1073,7780,736225175608430592,2658
1074,7567,736010884653420544,2823
1075,3442,735991953473572864,1091
1076,3887,735648611367784448,1051
1077,5926,735635087207878657,2245
1078,12516,735274964362878976,4777
1079,3200,735256018284875776,840
1080,3006,735137028879360001,927
1081,2644,734912297295085568,507
1082,12028,734787690684657664,5994
1083,2407,734776360183431168,509
1084,1432,734559631394082816,376
1085,3437,733828123016450049,746
1086,3527,733822306246479872,975
1087,2995,733482008106668032,902
1088,4017,733460102733135873,1205
1089,51267,733109485275860992,16271
1090,2330,732732193018155009,509
1091,3420,732726085725589504,849
1092,3506,732585889486888962,745
1093,7756,732375214819057664,2386
1094,14252,732005617171337216,5120
1095,3359,731285275100512256,953
1096,3683,731156023742988288,1207
1097,5896,730924654643314689,1882
1098,4676,730573383004487680,2025
1099,3345,730427201120833536,987
1100,3655,730211855403241472,1009
1101,4637,730196704625098752,1789
1102,3863,729854734790754305,1066
1103,1658,729838605770891264,359
1104,3815,729823566028484608,1181
1105,5542,729463711119904772,2204
1106,1802,729113531270991872,303
1107,3016,728986383096946689,777
1108,4476,728760639972315136,1624
1109,2653,728751179681943552,646
1110,3180,728653952833728512,993
1111,4699,728409960103686147,1900
1112,3560,728387165835677696,914
1113,4115,728046963732717569,1145
1114,4362,728035342121635841,1587
1115,3959,728015554473250816,1044
1116,2847,727685679342333952,606
1117,5618,727644517743104000,1663
1118,4283,727524757080539137,1155
1119,3195,727314416056803329,708
1120,2933,727286334147182592,782
1121,3755,727175381690781696,1326
1122,3474,727155742655025152,1262
1123,6581,726935089318363137,2315
1124,3682,726887082820554753,1440
1125,3426,726828223124897792,957
1126,4242,726224900189511680,1092
1127,6801,725842289046749185,2538
1128,4000,725786712245440512,1305
1129,4988,725729321944506368,1687
1130,1358,725458796924002305,582
1131,3581,724983749226668032,1233
1132,2240,724771698126512129,601
1133,5071,724405726123311104,1585
1134,4156,724049859469295616,1694
1135,2550,724046343203856385,530
1136,4010,724004602748780546,1463
1137,3736,723912936180330496,1172
1138,7334,723688335806480385,2778
1139,2907,723673163800948736,844
1140,5072,723179728551723008,1771
1141,3927,722974582966214656,1489
1142,4778,722613351520608256,1555
1143,4413,721503162398597120,1733
1144,2425,721001180231503872,584
1145,2964,720785406564900865,729
1146,2352,720775346191278080,626
1147,3961,720415127506415616,1427
1148,6102,720389942216527872,2378
1149,2745,720340705894408192,926
1150,3699,720059472081784833,1068
1151,4727,720043174954147842,1913
1152,4639,719991154352222208,1656
1153,4348,719704490224398336,1356
1154,4841,719551379208073216,1804
1155,2681,719367763014393856,711
1156,4270,719339463458033665,1175
1157,3294,719332531645071360,901
1158,3331,718971898235854848,1029
1159,5033,718939241951195136,1664
1160,18075,718631497683582976,7611
1161,2337,718613305783398402,455
1162,2336,718540630683709445,964
1163,2583,718460005985447936,499
1164,4649,718454725339934721,1436
1165,1833,718246886998687744,470
1166,3709,718234618122661888,943
1167,2347,717841801130979328,566
1168,2742,717790033953034240,1045
1169,5556,717537687239008257,1755
1170,1550,717428917016076293,427
1171,3021,717421804990701568,797
1172,6026,717047459982213120,1828
1173,3104,717009362452090881,914
1174,4113,716802964044845056,1110
1175,7891,716791146589110272,1507
1176,1184,716730379797970944,410
1177,12512,716447146686459905,5571
1178,2288,716439118184652801,200
1179,2664,716285507865542656,1003
1180,6504,716080869887381504,1816
1181,3062,715928423106027520,840
1182,3557,715758151270801409,1361
1183,4484,715733265223708672,1610
1184,2660,715704790270025728,546
1185,3750,715696743237730304,1229
1186,4110,715680795826982913,1522
1187,5245,715360349751484417,1490
1188,2925,715342466308784130,654
1189,2323,715220193576927233,616
1190,4941,715200624753819648,1772
1191,3983,715009755312439296,1164
1192,3569,714982300363173890,987
1193,7038,714962719905021952,4038
1194,3982,714957620017307648,1345
1195,3138,714631576617938945,944
1196,3492,714606013974974464,879
1197,2549,714485234495041536,1074
1198,2913,714258258790387713,696
1199,3139,714251586676113411,795
1200,2189,714214115368108032,831
1201,4144,714141408463036416,1335
1202,3155,713919462244790272,755
1203,1818,713909862279876608,517
1204,2725,713900603437621249,697
1205,4659,713761197720473600,1302
1206,4256,713411074226274305,1242
1207,6925,713177543487135744,2733
1208,4264,713175907180089344,1402
1209,18263,712809025985978368,6398
1210,11809,712717840512598017,4725
1211,3997,712668654853337088,1153
1212,5099,712438159032893441,1494
1213,228,712309440758808576,25
1214,3617,712097430750289920,984
1215,2825,712092745624633345,850
1216,3137,712085617388212225,465
1217,2164,712065007010385924,593
1218,0,711998809858043904,123
1219,7717,711968124745228288,2200
1220,2724,711743778164514816,948
1221,8437,711732680602345472,3881
1222,31480,711694788429553666,17446
1223,3702,711652651650457602,864
1224,3480,711363825979756544,1080
1225,3167,711306686208872448,707
1226,2874,711008018775851008,582
1227,4393,710997087345876993,1323
1228,2444,710844581445812225,649
1229,2574,710833117892898816,504
1230,2224,710658690886586372,535
1231,4606,710609963652087808,2275
1232,4354,710588934686908417,1773
1233,2284,710296729921429505,702
1234,2073,710283270106132480,496
1235,4341,710272297844797440,1193
1236,2297,710269109699739648,1067
1237,2800,710153181850935296,853
1238,2640,710140971284037632,845
1239,5233,710117014656950272,1883
1240,3358,709918798883774466,1035
1241,640,709901256215666688,98
1242,3364,709852847387627521,1145
1243,3404,709566166965075968,1143
1244,3148,709556954897764353,1020
1245,1438,709519240576036864,227
1246,2121,709449600415961088,542
1247,2536,709409458133323776,649
1248,2308,709225125749587968,544
1249,11975,709207347839836162,5483
1250,2358,709198395643068416,610
1251,1933,709179584944730112,642
1252,1953,709158332880297985,393
1253,4537,709042156699303936,1556
1254,1735,708853462201716736,631
1255,2860,708845821941387268,855
1256,1619,708834316713893888,477
1257,15824,708810915978854401,6574
1258,2654,708738143638450176,779
1259,2434,708711088997666817,683
1260,2441,708479650088034305,645
1261,2981,708469915515297792,780
1262,15271,708400866336894977,9561
1263,3439,708356463048204288,1257
1264,2262,708349470027751425,704
1265,4133,708149363256774660,1483
1266,3249,708130923141795840,819
1267,2581,708119489313951744,936
1268,1879,708109389455101952,532
1269,4226,708026248782585858,1837
1270,3000,707995814724026368,1078
1271,49,707983188426153984,2
1272,2581,707969809498152960,914
1273,3152,707776935007539200,913
1274,2400,707741517457260545,584
1275,3916,707738799544082433,2340
1276,3260,707693576495472641,953
1277,2468,707629649552134146,827
1278,16291,707610948723478529,6040
1279,2163,707420581654872064,663
1280,2211,707411934438625280,569
1281,3355,707387676719185920,1214
1282,3134,707377100785885184,1034
1283,2378,707315916783140866,606
1284,2680,707297311098011648,745
1285,2493,707059547140169728,644
1286,2103,707038192327901184,753
1287,3923,707021089608753152,1290
1288,2225,707014260413456384,571
1289,14001,706904523814649856,7491
1290,1965,706901761596989440,556
1291,3172,706681918348251136,932
1292,2467,706644897839910912,1042
1293,2074,706593038911545345,605
1294,3348,706538006853918722,1368
1295,3003,706516534877929472,982
1296,3321,706346369204748288,884
1297,20401,706310011488698368,7519
1298,1642,706291001778950144,455
1299,2636,706265994973601792,889
1300,3752,706169069255446529,2112
1301,4951,706166467411222528,1523
1302,1423,706153300320784384,367
1303,2980,705975130514706432,695
1304,3058,705970349788291072,853
1305,2286,705898680587526145,527
1306,1857,705786532653883392,493
1307,3050,705591895322394625,1100
1308,2848,705475953783398401,873
1309,4228,705442520700944385,1533
1310,3659,705428427625635840,1593
1311,2884,705239209544720384,722
1312,2488,705223444686888960,761
1313,2060,705102439679201280,492
1314,2103,705066031337840642,585
1315,4112,704871453724954624,1069
1316,2159,704859558691414016,507
1317,4878,704847917308362754,1447
1318,2540,704819833553219584,935
1319,6376,704761120771465216,2779
1320,2792,704499785726889984,961
1321,718,704491224099647488,75
1322,3265,704480331685040129,1026
1323,7668,704364645503647744,3391
1324,1516,704347321748819968,334
1325,1446,704134088924532736,435
1326,1784,704113298707505153,548
1327,2810,704054845121142784,878
1328,1775,703774238772166656,437
1329,3131,703769065844768768,1090
1330,2474,703631701117943808,639
1331,3694,703611486317502464,1459
1332,3650,703425003149250560,1297
1333,2346,703407252292673536,663
1334,3369,703382836347330562,1091
1335,1840,703356393781329922,369
1336,1904,703268521220972544,519
1337,7099,703079050210877440,2947
1338,25293,703041949650034688,11861
1339,2481,702932127499816960,686
1340,1542,702899151802126337,430
1341,3108,702684942141153280,1018
1342,2105,702671118226825216,536
1343,11769,702598099714314240,3286
1344,2775,702539513671897089,916
1345,3051,702332542343577600,1476
1346,3154,702321140488925184,1004
1347,2366,702276748847800320,734
1348,4600,702217446468493312,1285
1349,3314,701981390485725185,940
1350,3695,701952816642965504,979
1351,3403,701889187134500865,1327
1352,3285,701805642395348998,1595
1353,2019,701601587219795968,434
1354,2713,701570477911896070,886
1355,2568,701545186879471618,583
1356,11738,701214700881756160,4859
1357,2136,700890391244103680,539
1358,2500,700864154249383937,598
1359,2365,700847567345688576,476
1360,2346,700796979434098688,894
1361,21904,700747788515020802,8842
1362,2512,700518061187723268,761
1363,2201,700505138482569216,547
1364,3967,700462010979500032,1698
1365,2540,700167517596164096,698
1366,2163,700151421916807169,643
1367,7219,700143752053182464,2590
1368,2538,700062718104104960,652
1369,1999,700029284593901568,555
1370,3182,700002074055016451,1275
1371,2922,699801817392291840,908
1372,2152,699788877217865730,489
1373,2627,699779630832685056,1182
1374,1885,699775878809702401,578
1375,9884,699691744225525762,4386
1376,5723,699446877801091073,2501
1377,2097,699434518667751424,493
1378,1308,699423671849451520,307
1379,2008,699413908797464576,596
1380,1826,699370870310113280,417
1381,3035,699323444782047232,829
1382,2168,699088579889332224,595
1383,2357,699079609774645248,618
1384,2848,699072405256409088,1137
1385,3594,699060279947165696,1719
1386,2511,699036661657767936,1152
1387,3214,698989035503689728,928
1388,2579,698953797952008193,872
1389,2437,698907974262222848,592
1390,2379,698710712454139905,650
1391,1396,698703483621523456,356
1392,1251,698635131305795584,328
1393,2232,698549713696649216,596
1394,1781,698355670425473025,427
1395,2175,698342080612007937,921
1396,4587,698262614669991936,1906
1397,16106,698195409219559425,5691
1398,2713,698178924120031232,708
1399,1464,697995514407682048,323
1400,3159,697990423684476929,1228
1401,2304,697943111201378304,646
1402,2897,697881462549430272,1109
1403,1679,697630435728322560,522
1404,3024,697616773278015490,965
1405,2890,697596423848730625,1205
1406,1962,697575480820686848,481
1407,1970,697516214579523584,1061
1408,2333,697482927769255936,637
1409,3293,697463031882764288,1341
1410,4532,697270446429966336,1799
1411,3171,697259378236399616,956
1412,2952,697255105972801536,1104
1413,2435,697242256848379904,640
1414,3048,696900204696625153,979
1415,2249,696894894812565505,648
1416,4664,696886256886657024,1711
1417,2356,696877980375769088,684
1418,1428,696754882863349760,345
1419,1991,696744641916489729,886
1420,2280,696713835009417216,618
1421,3770,696518437233913856,1645
1422,1168,696490539101908992,136
1423,2416,696488710901260288,980
1424,3087,696405997980676096,1110
1425,1855,696100768806522880,622
1426,2896,695816827381944320,1101
1427,3047,695794761660297217,737
1428,1787,695767669421768709,702
1429,4386,695629776980148225,1998
1430,4241,695446424020918272,1738
1431,8345,695409464418041856,3424
1432,3485,695314793360662529,1386
1433,2545,695095422348574720,587
1434,2727,695074328191332352,1050
1435,1541,695064344191721472,563
1436,2559,695051054296211456,762
1437,2596,694925794720792577,876
1438,2644,694905863685980160,892
1439,34414,694669722378485760,13689
1440,1447,694356675654983680,273
1441,1961,694352839993344000,582
1442,1523,694342028726001664,463
1443,1920,694329668942569472,480
1444,4001,694206574471057408,1949
1445,2829,694183373896572928,888
1446,3276,694001791655137281,976
1447,1807,693993230313091072,383
1448,1683,693942351086120961,351
1449,2585,693647888581312512,557
1450,1304,693644216740769793,118
1451,2450,693642232151285760,396
1452,2354,693629975228977152,757
1453,1472,693622659251335168,356
1454,4843,693590843962331137,1865
1455,1584,693582294167244802,236
1456,1698,693486665285931008,601
1457,3221,693280720173801472,1188
1458,2288,693267061318012928,775
1459,2121,693262851218264065,474
1460,2769,693231807727280129,711
1461,7576,693155686491000832,3059
1462,1642,693109034023534592,581
1463,1793,693095443459342336,433
1464,2586,692919143163629568,725
1465,2339,692905862751522816,834
1466,1692,692901601640583168,576
1467,2177,692894228850999298,757
1468,2767,692828166163931137,852
1469,6550,692752401762250755,3485
1470,4197,692568918515392513,1469
1471,3036,692535307825213440,1298
1472,1767,692530551048294401,393
1473,1418,692423280028966913,212
1474,9000,692417313023332352,3299
1475,2441,692187005137076224,781
1476,2065,692158366030913536,754
1477,1584,692142790915014657,371
1478,3268,692041934689402880,1205
1479,2780,692017291282812928,907
1480,3811,691820333922455552,1577
1481,7824,691793053716221953,4044
1482,2729,691756958957883396,943
1483,1880,691675652215414786,486
1484,2304,691483041324204033,535
1485,3889,691459709405118465,1081
1486,2538,691444869282295808,807
1487,18601,691416866452082688,7294
1488,2484,691321916024623104,632
1489,2859,691096613310316544,842
1490,1662,691090071332753408,320
1491,5672,690989312272396288,2738
1492,3441,690959652130045952,1189
1493,3936,690938899477221376,1860
1494,3157,690932576555528194,970
1495,3644,690735892932222976,1212
1496,2092,690728923253055490,493
1497,2237,690690673629138944,783
1498,1250,690649993829576704,262
1499,287,690607260360429569,16
1500,1869,690597161306841088,578
1501,1815,690400367696297985,429
1502,3128,690374419777196032,805
1503,2558,690360449368465409,839
1504,1442,690348396616552449,490
1505,1614,690248561355657216,393
1506,2695,690021994562220032,979
1507,2395,690015576308211712,701
1508,3530,690005060500217858,1612
1509,1357,689999384604450816,350
1510,1404,689993469801164801,428
1511,1323,689977555533848577,428
1512,2359,689905486972461056,661
1513,2926,689877686181715968,1108
1514,2095,689835978131935233,720
1515,3113,689661964914655233,893
1516,9970,689659372465688576,3665
1517,2146,689623661272240129,617
1518,11213,689599056876867584,5264
1519,1977,689557536375177216,434
1520,3268,689517482558820352,1362
1521,2165,689289219123089408,888
1522,3139,689283819090870273,1049
1523,1912,689280876073582592,674
1524,1100,689275259254616065,235
1525,2462,689255633275777024,1035
1526,2970,689154315265683456,948
1527,1949,689143371370250240,481
1528,2615,688916208532455424,822
1529,2030,688908934925697024,729
1530,2016,688898160958271489,745
1531,2163,688894073864884227,653
1532,1332,688828561667567616,350
1533,926,688804835492233216,181
1534,2134,688789766343622656,632
1535,2489,688547210804498433,665
1536,2234,688519176466644993,699
1537,8915,688385280030670848,4264
1538,2161,688211956440801280,791
1539,2055,688179443353796608,559
1540,2719,688116655151435777,740
1541,1666,688064179421470721,345
1542,5248,687841446767013888,2391
1543,2641,687826841265172480,1073
1544,2392,687818504314159109,911
1545,2292,687807801670897665,684
1546,1691,687732144991551489,635
1547,2346,687704180304273409,803
1548,1868,687664829264453632,488
1549,1828,687494652870668288,552
1550,1544,687480748861947905,229
1551,1910,687476254459715584,508
1552,1982,687460506001633280,519
1553,1825,687399393394311168,590
1554,19389,687317306314240000,8745
1555,4198,687312378585812992,1813
1556,5213,687127927494963200,2158
1557,2105,687124485711986689,484
1558,5600,687109925361856513,2346
1559,2258,687102708889812993,925
1560,2151,687096057537363968,579
1561,8312,686947101016735744,3050
1562,3378,686760001961103360,1324
1563,3345,686749460672679938,1383
1564,3975,686730991906516992,1148
1565,2715,686683045143953408,768
1566,3558,686618349602762752,1299
1567,1819,686606069955735556,523
1568,1673,686394059078897668,658
1569,3138,686386521809772549,842
1570,2131,686377065986265092,540
1571,2091,686358356425093120,631
1572,3865,686286779679375361,1602
1573,2141,686050296934563840,698
1574,1105,686035780142297088,111
1575,2960,686034024800862208,1089
1576,2385,686007916130873345,391
1577,1757,686003207160610816,592
1578,2017,685973236358713344,495
1579,1564,685943807276412928,560
1580,7193,685906723014619143,2732
1581,1962,685681090388975616,116
1582,2267,685667379192414208,539
1583,3094,685663452032069632,1392
1584,2803,685641971164143616,733
1585,31620,685547936038666240,14852
1586,2919,685532292383666176,1103
1587,9060,685325112850124800,3770
1588,2541,685321586178670592,600
1589,3161,685315239903100929,998
1590,2001,685307451701334016,418
1591,2975,685268753634967552,1140
1592,2243,685198997565345792,638
1593,3952,685169283572338688,1362
1594,2294,684969860808454144,352
1595,6547,684959798585110529,2981
1596,3075,684940049151070208,992
1597,3352,684926975086034944,444
1598,3367,684914660081053696,1389
1599,1795,684902183876321280,505
1600,2005,684880619965411328,769
1601,33651,684830982659280897,20673
1602,2619,684800227459624960,954
1603,8541,684594889858887680,3340
1604,3945,684588130326986752,1347
1605,2892,684567543613382656,1156
1606,2539,684538444857667585,906
1607,3729,684481074559381504,1123
1608,1898,684460069371654144,534
1609,7792,684241637099323392,3122
1610,1193,684225744407494656,196
1611,3684,684222868335505415,1302
1612,2068,684200372118904832,996
1613,1834,684195085588783105,486
1614,3362,684188786104872960,1106
1615,1942,684177701129875456,631
1616,2879,684147889187209216,1453
1617,1926,684122891630342144,449
1618,3953,684097758874210310,1367
1619,3667,683857920510050305,1068
1620,1870,683852578183077888,330
1621,2515,683849932751646720,909
1622,2528,683834909291606017,1071
1623,2697,683828599284170753,1009
1624,3217,683773439333797890,1285
1625,6210,683742671509258241,3162
1626,7044,683515932363329536,2757
1627,3051,683498322573824003,922
1628,2565,683481228088049664,954
1629,2329,683462770029932544,645
1630,3720,683449695444799489,1535
1631,7339,683391852557561860,2281
1632,2780,683357973142474752,875
1633,2757,683142553609318400,990
1634,3266,683111407806746624,870
1635,2091,683098815881154561,625
1636,1923,683078886620553216,543
1637,2084,683030066213818368,713
1638,35260,682962037429899265,15632
1639,1712,682808988178739200,159
1640,2385,682788441537560576,1060
1641,1456,682750546109968385,415
1642,1262,682697186228989953,346
1643,2933,682662431982772225,1029
1644,1985,682638830361513985,565
1645,3306,682429480204398592,1097
1646,7268,682406705142087680,1671
1647,2151,682393905736888321,634
1648,1602,682389078323662849,446
1649,2946,682303737705140231,931
1650,3977,682259524040966145,1132
1651,3095,682242692827447297,1089
1652,17474,682088079302213632,9356
1653,4733,682059653698686977,1596
1654,3072,682047327939461121,892
1655,6311,682032003584274432,1888
1656,2997,682003177596559360,1444
1657,2699,681981167097122816,985
1658,2371,681891461017812993,779
1659,12297,681694085539872773,3853
1660,1691,681679526984871937,418
1661,2520,681654059175129088,863
1662,1818,681610798867845120,443
1663,3398,681579835668455424,1238
1664,13688,681523177663676416,5467
1665,1578,681340665377193984,260
1666,8925,681339448655802368,3887
1667,2533,681320187870711809,704
1668,3766,681302363064414209,1728
1669,3084,681297372102656000,905
1670,3095,681281657291280384,1045
1671,1399,681261549936340994,251
1672,1425,681242418453299201,501
1673,2315,681231109724700672,464
1674,3553,681193455364796417,1403
1675,2317,680970795137544192,620
1676,4403,680959110691590145,1904
1677,3066,680940246314430465,990
1678,2009,680934982542561280,413
1679,2317,680913438424612864,589
1680,1695,680889648562991104,351
1681,3316,680836378243002368,1256
1682,2062,680805554198020098,636
1683,2285,680801747103793152,778
1684,2730,680798457301471234,984
1685,2519,680609293079592961,661
1686,3475,680583894916304897,1259
1687,4062,680497766108381184,1818
1688,1652,680494726643068929,463
1689,2442,680473011644985345,717
1690,1394,680440374763077632,474
1691,1419,680221482581123072,280
1692,2710,680206703334408192,1107
1693,2066,680191257256136705,476
1694,3722,680176173301628928,1469
1695,2233,680161097740095489,701
1696,3454,680145970311643136,1657
1697,2198,680130881361686529,893
1698,2608,680115823365742593,863
1699,3443,680100725817409536,1304
1700,12285,680085611152338944,8550
1701,2483,680070545539371008,818
1702,1893,679877062409191424,616
1703,2113,679872969355714560,636
1704,2358,679862121895714818,586
1705,2735,679854723806179328,1163
1706,2272,679844490799091713,719
1707,34612,679828447187857408,13292
1708,2976,679777920601223168,1040
1709,2007,679736210798047232,749
1710,2072,679729593985699840,787
1711,1596,679722016581222400,444
1712,4568,679530280114372609,1973
1713,2525,679527802031484928,686
1714,3225,679511351870550016,1199
1715,3030,679503373272485890,1387
1716,2004,679475951516934144,608
1717,30086,679462823135686656,17775
1718,2265,679405845277462528,1137
1719,20295,679158373988876288,7608
1720,2669,679148763231985668,971
1721,2843,679132435750195208,1098
1722,5676,679111216690831360,2448
1723,16171,679062614270468097,7618
1724,2146,679047485189439488,624
1725,2716,679001094530465792,1156
1726,2169,678991772295516161,1092
1727,1563,678969228704284672,431
1728,2454,678800283649069056,853
1729,3301,678798276842360832,1093
1730,2682,678774928607469569,856
1731,3360,678767140346941444,1283
1732,1551,678764513869611008,442
1733,6752,678755239630127104,3091
1734,3567,678740035362037760,1569
1735,5332,678708137298427904,2294
1736,2717,678675843183484930,1381
1737,1958,678643457146150913,381
1738,3816,678446151570427904,1450
1739,5198,678424312106393600,2404
1740,4001,678410210315247616,1697
1741,76368,678399652199309312,30022
1742,1516,678396796259975168,395
1743,1772,678389028614488064,397
1744,2313,678380236862578688,849
1745,1644,678341075375947776,505
1746,1232,678334497360859136,235
1747,10872,678278586130948096,5760
1748,1511,678255464182861824,347
1749,1814,678023323247357953,354
1750,12925,678021115718029313,5937
1751,3252,677961670166224897,1593
1752,1267,677918531514703872,383
1753,4579,677895101218201600,1947
1754,2894,677716515794329600,922
1755,3218,677700003327029250,1359
1756,1170,677698403548192770,303
1757,2368,677687604918272002,797
1758,3165,677673981332312066,1413
1759,1845,677662372920729601,891
1760,1769,677644091929329666,762
1761,2026,677573743309385728,655
1762,1238,677565715327688705,431
1763,2327,677557565589463040,1088
1764,6569,677547928504967168,3462
1765,1010,677530072887205888,217
1766,2882,677335745548390400,1643
1767,1277,677334615166730240,269
1768,1034,677331501395156992,221
1769,3464,677328882937298944,1422
1770,1566,677314812125323265,504
1771,1167,677301033169788928,379
1772,1870,677269281705472000,667
1773,3363,677228873407442944,1540
1774,2584,677187300187611136,857
1775,2626,676975532580409345,1005
1776,2117,676957860086095872,763
1777,1242,676949632774234114,372
1778,2044,676948236477857792,808
1779,1639,676946864479084545,344
1780,1960,676942428000112642,702
1781,12076,676936541936185344,4657
1782,2812,676916996760600576,1707
1783,2132,676897532954456065,686
1784,1980,676864501615042560,657
1785,21631,676821958043033607,14529
1786,1728,676819651066732545,622
1787,1357,676811746707918848,403
1788,4728,676776431406465024,1904
1789,2723,676617503762681856,894
1790,1028,676613908052996102,185
1791,1802,676606785097199616,407
1792,1099,676603393314578432,358
1793,4319,676593408224403456,2014
1794,873,676590572941893632,115
1795,2184,676588346097852417,733
1796,1125,676582956622721024,256
1797,2428,676575501977128964,1050
1798,1772,676533798876651520,518
1799,1444,676496375194980353,501
1800,11004,676470639084101634,4387
1801,1626,676440007570247681,619
1802,1323,676430933382295552,317
1803,1978,676263575653122048,507
1804,1142,676237365392908289,264
1805,72345,676219687039057920,29052
1806,1637,676215927814406144,537
1807,2139,676191832485810177,965
1808,1815,676146341966438401,621
1809,2045,676121918416756736,1086
1810,2674,676101918813499392,1095
1811,2816,676098748976615425,1316
1812,1235,676089483918516224,408
1813,1519,675898130735476737,530
1814,2004,675891555769696257,795
1815,2238,675888385639251968,887
1816,3935,675878199931371520,1310
1817,1541,675870721063669760,528
1818,2532,675853064436391936,1196
1819,895,675849018447167488,133
1820,2133,675845657354215424,817
1821,1435,675822767435051008,504
1822,983,675820929667219457,223
1823,9665,675798442703122432,3199
1824,1524,675781562965868544,436
1825,1107,675740360753160193,316
1826,1768,675710890956750848,762
1827,1864,675707330206547968,639
1828,613,675706639471788032,87
1829,1739,675534494439489536,382
1830,1116,675531475945709568,356
1831,979,675522403582218240,266
1832,1219,675517828909424640,434
1833,16164,675501075957489664,5462
1834,2950,675497103322386432,1205
1835,1212,675489971617296384,555
1836,1732,675483430902214656,900
1837,1420,675432746517426176,531
1838,1588,675372240448454658,487
1839,994,675362609739206656,210
1840,30558,675354435921575936,15587
1841,3695,675349384339542016,2111
1842,2595,675334060156301312,1201
1843,3322,675166823650848770,1462
1844,5853,675153376133427200,2388
1845,3489,675149409102012420,1577
1846,883,675147105808306176,215
1847,1109,675146535592706048,271
1848,2002,675145476954566656,831
1849,1220,675135153782571009,440
1850,1821,675113801096802304,728
1851,899,675111688094527488,232
1852,2625,675109292475830276,1046
1853,988,675047298674663426,296
1854,2534,675015141583413248,1097
1855,916,675006312288268288,208
1856,1461,675003128568291329,429
1857,2092,674999807681908736,1021
1858,804,674805413498527744,333
1859,2819,674800520222154752,792
1860,2337,674793399141146624,1006
1861,1033,674790488185167872,229
1862,757,674788554665512960,194
1863,1878,674781762103414784,1106
1864,1030,674774481756377088,434
1865,1695,674767892831932416,724
1866,739,674764817387900928,216
1867,1272,674754018082705410,405
1868,1364,674752233200820224,425
1869,1305,674743008475090944,502
1870,449,674742531037511680,47
1871,1020,674739953134403584,356
1872,606,674737130913071104,81
1873,1071,674690135443775488,437
1874,1508,674670581682434048,599
1875,855,674664755118911488,223
1876,1344,674646392044941312,451
1877,972,674644256330530816,254
1878,1574,674638615994089473,540
1879,1400,674632714662858753,532
1880,873,674606911342424069,92
1881,5833,674468880899788800,1881
1882,993,674447403907457024,331
1883,1036,674436901579923456,360
1884,1338,674422304705744896,497
1885,647,674416750885273600,126
1886,1129,674410619106390016,425
1887,1406,674394782723014656,524
1888,799,674372068062928900,292
1889,533,674330906434379776,70
1890,1314,674318007229923329,477
1891,10620,674307341513269249,6383
1892,13723,674291837063053312,5398
1893,1454,674271431610523648,677
1894,852,674269164442398721,213
1895,1520,674265582246694913,775
1896,1231,674262580978937856,417
1897,1357,674255168825880576,497
1898,714,674082852460433408,151
1899,932,674075285688614912,261
1900,5955,674063288070742018,2005
1901,3082,674053186244734976,1193
1902,1353,674051556661161984,455
1903,1316,674045139690631169,595
1904,671,674042553264685056,116
1905,1031,674038233588723717,392
1906,802,674036086168010753,189
1907,1659,674024893172875264,1133
1908,1059,674019345211760640,283
1909,1456,674014384960745472,590
1910,1124,674008982932058114,325
1911,1825,673956914389192708,881
1912,1096,673919437611909120,342
1913,2962,673906403526995968,1520
1914,880,673887867907739649,235
1915,2891,673716320723169284,695
1916,3290,673715861853720576,1897
1917,974,673711475735838725,276
1918,789,673709992831262724,246
1919,997,673708611235921920,262
1920,1031,673707060090052608,359
1921,1178,673705679337693185,378
1922,1339,673700254269775872,525
1923,3677,673697980713705472,1796
1924,1625,673689733134946305,595
1925,1178,673688752737402881,455
1926,1342,673686845050527744,400
1927,1274,673680198160809984,431
1928,1173,673662677122719744,342
1929,676,673656262056419329,217
1930,1029,673636718965334016,334
1931,1493,673612854080196609,667
1932,1113,673583129559498752,332
1933,777,673580926094458881,254
1934,1288,673576835670777856,518
1935,963,673363615379013632,278
1936,1349,673359818736984064,616
1937,1404,673355879178194945,527
1938,1560,673352124999274496,497
1939,712,673350198937153538,195
1940,2333,673345638550134785,1163
1941,906,673343217010679808,246
1942,1189,673342308415348736,523
1943,12491,673320132811366400,7205
1944,821,673317986296586240,228
1945,7007,673295268553605120,2908
1946,998,673270968295534593,333
1947,1331,673240798075449344,651
1948,2069,673213039743795200,770
1949,1577,673148804208660480,577
1950,1842,672997845381865473,655
1951,882,672995267319328768,268
1952,914,672988786805112832,266
1953,1176,672984142909456390,506
1954,1700,672980819271634944,932
1955,1561,672975131468300288,825
1956,880,672970152493887488,328
1957,1238,672968025906282496,496
1958,1322,672964561327235073,589
1959,1281,672902681409806336,455
1960,843,672898206762672129,388
1961,1433,672884426393653248,775
1962,955,672877615439593473,325
1963,1215,672834301050937345,528
1964,1160,672828477930868736,449
1965,914,672640509974827008,289
1966,1198,672622327801233409,442
1967,1134,672614745925664768,534
1968,1024,672609152938721280,356
1969,1028,672604026190569472,364
1970,1233,672594978741354496,563
1971,881,672591762242805761,305
1972,666,672591271085670400,174
1973,946,672538107540070400,334
1974,582,672523490734551040,151
1975,1034,672488522314567680,398
1976,1044,672482722825261057,545
1977,671,672481316919734272,120
1978,1348,672475084225949696,647
1979,1256,672466075045466113,483
1980,5974,672272411274932228,3087
1981,1374,672267570918129665,564
1982,1052,672264251789176834,307
1983,2625,672256522047614977,1407
1984,1331,672254177670729728,681
1985,1609,672248013293752320,552
1986,628,672245253877968896,143
1987,837,672239279297454080,297
1988,1695,672231046314901505,928
1989,732,672222792075620352,193
1990,2085,672205392827572224,1049
1991,948,672169685991993344,336
1992,816,672160042234327040,328
1993,1616,672139350159835138,635
1994,2215,672125275208069120,1044
1995,924,672095186491711488,339
1996,878,672082170312290304,336
1997,1197,672068090318987265,467
1998,7906,671896809300709376,3841
1999,1218,671891728106971137,518
2000,3240,671882082306625538,1276
2001,1308,671879137494245376,607
2002,1164,671874878652489728,506
2003,1046,671866342182637568,447
2004,835,671855973984772097,397
2005,6576,671789708968640512,3172
2006,1111,671768281401958400,452
2007,1550,671763349865160704,825
2008,1260,671744970634719232,707
2009,700,671743150407421952,217
2010,1339,671735591348891648,692
2011,7890,671729906628341761,3977
2012,11884,671561002136281088,6636
2013,842,671550332464455680,192
2014,1253,671547767500775424,538
2015,1818,671544874165002241,954
2016,1014,671542985629241344,518
2017,865,671538301157904385,352
2018,1094,671536543010570240,371
2019,944,671533943490011136,530
2020,781,671528761649688577,235
2021,1294,671520732782923777,487
2022,877,671518598289059840,272
2023,1476,671511350426865664,642
2024,6483,671504605491109889,3283
2025,860,671497587707535361,415
2026,930,671488513339211776,439
2027,534,671486386088865792,180
2028,710,671485057807351808,213
2029,1335,671390180817915904,684
2030,1031,671362598324076544,270
2031,371,671357843010908160,143
2032,448,671355857343524864,111
2033,881,671347597085433856,388
2034,672,671186162933985280,190
2035,1028,671182547775299584,307
2036,810,671166507850801152,313
2037,1524,671163268581498880,1013
2038,332,671159727754231808,73
2039,658,671154572044468225,201
2040,617,671151324042559489,139
2041,616,671147085991960577,200
2042,1071,671141549288370177,597
2043,856,671138694582165504,369
2044,686,671134062904504320,174
2045,3221,671122204919246848,2297
2046,1267,671115716440031232,712
2047,1062,671109016219725825,397
2048,1023,670995969505435648,265
2049,22929,670842764863651840,7944
2050,544,670840546554966016,177
2051,1027,670838202509447168,630
2052,403,670833812859932673,113
2053,675,670832455012716544,196
2054,5106,670826280409919488,3703
2055,716,670823764196741120,169
2056,562,670822709593571328,88
2057,2932,670815497391357952,1398
2058,1045,670811965569282048,245
2059,1083,670807719151067136,449
2060,1820,670804601705242624,875
2061,318,670803562457407488,83
2062,687,670797304698376195,212
2063,775,670792680469889025,249
2064,613,670789397210615808,219
2065,556,670786190031921152,183
2066,771,670783437142401025,351
2067,1430,670782429121134593,702
2068,735,670780561024270336,266
2069,311,670778058496974848,67
2070,1008,670764103623966721,387
2071,404,670755717859713024,96
2072,893,670733412878163972,468
2073,776,670727704916926465,328
2074,1102,670717338665226240,439
2075,726,670704688707301377,341
2076,547,670691627984359425,221
2077,695,670679630144274432,256
2078,227,670676092097810432,37
2079,9899,670668383499735048,4559
2080,1402,670474236058800128,677
2081,333,670468609693655041,80
2082,904,670465786746662913,500
2083,511,670452855871037440,188
2084,1120,670449342516494336,594
2085,6275,670444955656130560,1811
2086,600,670442337873600512,185
2087,981,670435821946826752,469
2088,1317,670434127938719744,589
2089,308,670433248821026816,103
2090,1291,670428280563085312,561
2091,486,670427002554466305,146
2092,1214,670421925039075328,579
2093,574,670420569653809152,287
2094,533,670417414769758208,299
2095,1874,670411370698022913,816
2096,513,670408998013820928,200
2097,397,670403879788544000,141
2098,521,670385711116361728,190
2099,697,670374371102445568,248
2100,307,670361874861563904,60
2101,400,670338931251150849,101
2102,3615,670319130621435904,1116
2103,405,670303360680108032,120
2104,646,670290420111441920,261
2105,951,670093938074779648,303
2106,647,670086499208155136,229
2107,2048,670079681849372674,1115
2108,1447,670073503555706880,717
2109,578,670069087419133954,217
2110,700,670061506722140161,303
2111,615,670055038660800512,296
2112,600,670046952931721218,159
2113,700,670040295598354432,103
2114,552,670037189829525505,253
2115,310,670003130994700288,84
2116,300,669993076832759809,75
2117,412,669972011175813120,141
2118,282,669970042633789440,50
2119,466,669942763794931712,145
2120,352,669926384437997569,88
2121,216,669923323644657664,53
2122,739,669753178989142016,366
2123,240,669749430875258880,60
2124,473,669684865554620416,80
2125,353,669683899023405056,100
2126,329,669682095984410625,124
2127,622,669680153564442624,264
2128,750,669661792646373376,389
2129,3269,669625907762618368,1652
2130,889,669603084620980224,334
2131,476,669597912108789760,139
2132,1383,669583744538451968,848
2133,404,669573570759163904,127
2134,1473,669571471778410496,927
2135,218,669567591774625800,48
2136,363,669564461267722241,110
2137,331,669393256313184256,66
2138,1227,669375718304980992,660
2139,454,669371483794317312,161
2140,425,669367896104181761,138
2141,581,669363888236994561,208
2142,346,669359674819481600,110
2143,2501,669354382627049472,1163
2144,585,669353438988365824,239
2145,402,669351434509529089,166
2146,942,669328503091937280,381
2147,534,669327207240699904,112
2148,457,669324657376567296,192
2149,1102,669216679721873412,366
2150,402,669214165781868544,146
2151,932,669203728096960512,427
2152,608,669037058363662336,284
2153,686,669015743032369152,342
2154,539,669006782128353280,221
2155,19360,669000397445533696,5796
2156,407,668994913074286592,204
2157,686,668992363537309700,311
2158,623,668989615043424256,303
2159,835,668988183816871936,420
2160,510,668986018524233728,149
2161,503,668981893510119424,276
2162,737,668979806671884288,317
2163,1207,668975677807423489,529
2164,135,668967877119254528,21
2165,654,668960084974809088,223
2166,255,668955713004314625,65
2167,238,668932921458302977,53
2168,296,668902994700836864,91
2169,370,668892474547511297,135
2170,491,668872652652679168,277
2171,422,668852170888998912,147
2172,396,668826086256599040,122
2173,517,668815180734689280,236
2174,664,668779399630725120,341
2175,488,668655139528511488,201
2176,808,668645506898350081,480
2177,809,668643542311546881,471
2178,985,668641109086707712,492
2179,958,668636665813057536,451
2180,2577,668633411083464705,1455
2181,656,668631377374486528,292
2182,290,668627278264475648,100
2183,352,668625577880875008,118
2184,1307,668623201287675904,685
2185,184,668620235289837568,36
2186,574,668614819948453888,292
2187,1552,668587383441514497,974
2188,219,668567822092664832,49
2189,475,668544745690562560,209
2190,422,668542336805281792,193
2191,237,668537837512433665,63
2192,430,668528771708952576,204
2193,302,668507509523615744,94
2194,379,668496999348633600,120
2195,389,668484198282485761,215
2196,421,668480044826800133,131
2197,814,668466899341221888,465
2198,581,668297328638447616,272
2199,226,668291999406125056,29
2200,467,668286279830867968,125
2201,762,668274247790391296,212
2202,510,668268907921326080,212
2203,1200,668256321989451776,543
2204,880,668248472370458624,430
2205,5705,668237644992782336,2570
2206,269,668226093875376128,92
2207,474,668221241640230912,179
2208,518,668204964695683073,182
2209,601,668190681446379520,183
2210,449,668171859951755264,172
2211,463,668154635664932864,286
2212,537,668142349051129856,257
2213,618,668113020489474048,217
2214,1152,667937095915278337,727
2215,275,667924896115245057,98
2216,196,667915453470232577,51
2217,452,667911425562669056,264
2218,796,667902449697558528,349
2219,1726,667886921285246976,975
2220,768,667885044254572545,426
2221,369,667878741721415682,107
2222,578,667873844930215936,369
2223,2815,667866724293877760,941
2224,229,667861340749471744,74
2225,269,667832474953625600,57
2226,979,667806454573760512,448
2227,297,667801013445750784,85
2228,643,667793409583771648,304
2229,381,667782464991965184,225
2230,214,667773195014021121,47
2231,400,667766675769573376,199
2232,349,667728196545200128,139
2233,443,667724302356258817,288
2234,0,667550904950915073,30
2235,0,667550882905632768,26
2236,5315,667549055577362432,2055
2237,316,667546741521195010,115
2238,792,667544320556335104,484
2239,189,667538891197542400,60
2240,754,667534815156183040,481
2241,432,667530908589760512,218
2242,1566,667524857454854144,1025
2243,344,667517642048163840,176
2244,6298,667509364010450944,1940
2245,503,667502640335572993,201
2246,482,667495797102141441,243
2247,480,667491009379606528,206
2248,233,667470559035432960,88
2249,179,667455448082227200,56
2250,292,667453023279554560,80
2251,714,667443425659232256,528
2252,413,667437278097252352,214
2253,283,667435689202614272,79
2254,431,667405339315146752,204
2255,178,667393430834667520,51
2256,337,667369227918143488,151
2257,444,667211855547486208,220
2258,569,667200525029539841,238
2259,351,667192066997374976,88
2260,678,667188689915760640,357
2261,13114,667182792070062081,5557
2262,177,667177989038297088,50
2263,556,667176164155375616,414
2264,227,667174963120574464,71
2265,201,667171260800061440,75
2266,2475,667165590075940865,1025
2267,232,667160273090932737,55
2268,43922,667152164079423490,15274
2269,4191,667138269671505920,1978
2270,303,667119796878725120,118
2271,305,667090893657276420,112
2272,370,667073648344346624,107
2273,75,667070482143944705,13
2274,154,667065535570550784,40
2275,201,667062181243039745,47
2276,172,667044094246576128,44
2277,418,667012601033924608,197
2278,223,666996132027977728,80
2279,2335,666983947667116034,882
2280,742,666837028449972224,495
2281,193,666835007768551424,71
2282,234,666826780179869698,81
2283,467,666817836334096384,229
2284,213,666804364988780544,82
2285,684,666786068205871104,434
2286,350,666781792255496192,173
2287,316,666776908487630848,153
2288,215,666739327293083650,60
2289,388,666701168228331520,194
2290,169,666691418707132416,44
2291,1022,666649482315059201,564
2292,216,666644823164719104,73
2293,465,666454714377183233,191
2294,94,666447344410484738,18
2295,110,666437273139982337,42
2296,146,666435652385423360,45
2297,288,666430724426358785,172
2298,147,666428276349472768,71
2299,289,666421158376562688,95
2300,110,666418789513326592,40
2301,392,666411507551481857,283
2302,98,666407126856765440,31
2303,151,666396247373291520,72
2304,168,666373753744588802,76
2305,689,666362758909284353,495
2306,192,666353288456101888,63
2307,266,666345417576210432,128
2308,174,666337882303524864,81
2309,447,666293911632134144,306
2310,131,666287406224695296,57
2311,156,666273097616637952,69
2312,93,666268910803644416,32
2313,13142,666104133288665088,5729
2314,69,666102155909144576,11
2315,139,666099513787052032,57
2316,152,666094000022159362,65
2317,100,666082916733198337,41
2318,280,666073100786774016,140
2319,134,666071193221509120,52
2320,431,666063827256086533,188
2321,103,666058600524156928,49
2322,263,666057090499244032,118
2323,394,666055525042405380,211
2324,1081,666051853826850816,740
2325,119,666050758794694657,51
2326,93,666049248165822465,38
2327,259,666044226329800704,122
2328,107,666033412701032449,39
2329,117,666029285002620928,41
2330,2344,666020888022790149,443
